Parameter,Value
POV,0.14545770930767105
TradeTime,0.587485046175729
Lambda,0.5
Size,0.1
Volatility,0.35
a1,882.900282
a2,0.353976
a3,0.755553
a4,0.824951
b1,0.963963
