Parameter,Value
a1,883.4907887149966
a2,0.3540686292608341
a3,0.755646031026419
a4,0.8261011417628172
b1,0.9635108694765392
